name,county,website,latitude,longitude,lea
Amazing Grace Community Church,Cork,https://agcc.ie/,51.5546066509136,-9.27310659242858,BANDON-KINSALE
Arann Reformed Baptist Church,Dublin,https://www.facebook.com/arann.church/,53.253296,-6.13594,DÚN LAOGHAIRE
Athenry Gospel Church,Galway,http://www.athenrygc.ie,53.2974359288355,-8.74785371594285,ATHENRY-ORANMORE
Balbriggan Baptist Church,Dublin,www.balbrigganbaptist.com,53.607154581866,-6.20368513244989,BALBRIGGAN
Ballaghaderreen Baptist Church,Roscommon,https://ballaghaderreenchurch.com,53.9001319428494,-8.57649644339231,BOYLE
Ballycullen Community Church,Dublin,www.ballycullencc.com,53.2789228273159,-6.31519483112171,FIRHOUSE-BOHERNABREENA
Bantry Christian Fellowship Church,Cork,https://bantrychristianfellowship.ie/,51.6798982718531,-9.45609730243423,BANTRY-WEST CORK
Barrowvalley Community Church,Carlow,bvcchurch.com,52.8432421721477,-6.93673927337028,GRAIGUECULLEN-PORTARLINGTON
Belturbet Baptist Church,Cavan,https://belturbetbaptist.ie/,54.0975210974691,-7.4399168529523,CAVAN-BELTURBET
Bethany Church,Dublin,https://www.bethanychurch.ie,53.306299,-6.318744,RATHFARNHAM-TEMPLEOGUE
Bethlehem Christian Fellowship,Dublin,https://www.bcfchurch.ie,53.402099,-6.301452,BLANCHARDSTOWN-MULHUDDART
Blackrock Community Church,Dublin,blackrockchurch.ie,53.3056266026637,-6.20165352453498,BLACKROCK
Blanchardstown Baptist Church,Dublin,https://bbc.ac/,53.4014400,-6.37923,BLANCHARDSTOWN-MULHUDDART
Boyne Valley Baptist Church,Louth,,53.7634555151336,-6.34430046427587,DROGHEDA RURAL
Brannockstown Baptist Church,Kildare,brannockstownbaptist.com,53.1228144330133,-6.6958946888669,NEWBRIDGE
Calvary Baptist Church,Cork,http://www.calvarybaptistcork.com/,51.8779173,-8.5121851,CORK CITY SOUTH WEST
Calvary Bible Baptist Church Bray,Wicklow,,53.2036226,-6.1074959,BRAY EAST
Calvary Church Ballina,Mayo,http://www.calvarychurchballina.ie/,54.1118812806051,-9.15077544893573,BALLINA
Calvary Church Castlebar,Mayo,calvarychurchcastlebar.ie,53.8576956475062,-9.30138103545533,CASTLEBAR
Calvary Church Charlestown,Mayo,https://www.facebook.com/calvarychurchcharlestown/,53.9578373926109,-8.80777493158203,SWINFORD
Calvary Church Claremorris,Mayo,https://www.calvarychurchclaremorris.ie/,53.7129486524179,-8.99579953253174,CLAREMORRIS
Calvary Church Loughrea,Galway,www.calvarychurchloughrea.com,53.202562,-8.586116,LOUGHREA
Calvary Church Westport,Mayo,calvarywestport.ie,53.800274388307,-9.51704166674313,WESTPORT
Carrickmacross Baptist Church,Monaghan,www.carrickbaptist.ie,53.9693311942718,-6.72054130231664,CARRICKMACROSS-CASTLEBLAYNEY
Carrick Baptist Church,Leitrim,http://www.carrickbaptistchurch.com/,53.9444360724689,-8.09508284904076,CARRICK-ON-SHANNON
Carrigaline Baptist Church,Cork,www.carrigalinebaptist.org,51.81484,-8.3873605,CARRIGALINE
Carrigtwohill Baptist Church,Cork,carrigtwohillbaptist.ie,51.9091950265878,-8.25810742021373,COBH
Cavan Baptist Church,Cavan,www.cavanbaptist.ie,53.9690503724765,-7.34047170231663,CAVAN-BELTURBET
Cherith Athlone Baptist Church,Westmeath,www.cherithabc.com,53.4234861250993,-7.94934863922911,ATHLONE
Christ City Church Dublin,Dublin,christcitychurch.ie,53.333248,-6.267112,SOUTH EAST INNER CITY
Christian Assembly Evangelical Church,Dublin,http://www.caec.ie/,53.348113,-6.263342,NORTH INNER CITY
Christian Church Tralee,Kerry,http://www.christianchurchtralee.com/,52.268887113392,-9.69173104903088,TRALEE
Christian Fellowship Church Dublin,Dublin,https://www.cfcdublin.org/,53.3099686239176,-6.33248910789527,ARTANE-WHITEHALL
Clare Bible Study,Clare,http://clarebible.ie/,52.8437679,-8.9857396,ENNIS
Clondalkin Christian Fellowship,Dublin,https://clondalkinchristianfellowship.com,53.343572,-6.398226,PALMERSTOWN-FONTHILL
Clonmel Baptist Church,Tipperary,http://www.clonmelbaptist.ie/,52.3606169000039,-7.7082013023996,CLONMEL
Clonmel Christian Bible Church,Tipperary,https://clonmelbiblechurch.wordpress.com/,52.3542363573489,-7.71172847702658,CLONMEL
Community Baptist Church,Kerry,,52.1445638949626,-9.71708200241062,CORCA DHUIBHNE
Community Christian Church,Galway,Www.CommunityChristian.ie,53.339307,-9.182126,CONAMARA SOUTH
Cootehill Christian Fellowship,Cavan,https://cootehillchristianfellowship.ie/,54.07410856255,-7.0847780158048,BAILIEBOROUGH-COOTEHILL
Cork Baptist Church,Cork,www.corkbaptist.org,51.9016374863756,-8.46859127910967,CORK CITY NORTH EAST
Cornerstone Church at the Well,Wicklow,cornerstonechurch.ie,53.204859,-6.10999,BRAY EAST
Cove Street Christian Fellowship,Cork,https://www.facebook.com/p/Cove-Street-Christian-Fellowship-100068384050234/,51.8949552927245,-8.47437417358787,CORK CITY SOUTH CENTRAL
Douglas Baptist Church,Cork,douglasbaptist.ie,51.8786128115796,-8.4422676582469,CORK CITY SOUTH CENTRAL
Dublin Christian Fellowship,Dublin,https://www.messagedublin.com,53.4048755723064,-6.30375323111549,SWORDS
Dublin West Community Church,Dublin,https://dublinwest.ie,53.3915346053069,-6.44491677058733,ONGAR
Dun Laoghaire Evangelical Church,Dublin,https://www.dec.ie,53.285472,-6.13323,DÚN LAOGHAIRE
Dundalk Baptist Church,Louth,www.dundalkbaptistchurch.org,53.9956567070439,-6.41486998882158,DUNDALK SOUTH
Dundalk Community Church,Louth,https://dundalkcommunitychurch.ie/,54.001925,-6.401309,DUNDALK SOUTH
Dungarvan Community Church,Waterford,dungarvanchurch.org,52.0849536057312,-7.62225239449625,DUNGARVAN
Elevate Community Church,Limerick,https://ecclimerick.com/,52.654483,-8.63662,LIMERICK CITY WEST
Emmanuel Community Church,Louth,https://www.emmanueldundalk.com/contact,54.004982,-6.39205,DUNDALK SOUTH
Ennis Evangelical Church,Clare,https://www.ennisevangelicalchurch.org/,52.835912,-8.969403,ENNIS
Enniscorthy Christian Fellowship,Wexford,https://www.enniscorthychristianfellowship.ie/,52.5062354350273,-6.57989058460105,ENNISCORTHY
Falcarragh Community Church,Donegal,https://falcarraghcc.com/,55.1340757125618,-8.10258664122745,GLENTIES
Ferrybank Christian Community Church,Kilkenny,https://ferrybankchristianchurch.ie/,52.2698549244462,-7.09744621389591,PILTOWN
Free Grace Evangelical Church,Westmeath,https://www.fgecmullingar.org/,53.5212243455423,-7.36138866490949,MULLINGAR
Furbo Baptist Church,Galway,https://www.facebook.com/furbobaptist/,53.257500,-9.2125,CONAMARA SOUTH
Galway Christian Fellowship,Galway,https://gcfchurch.ie/,53.288847,-9.008297,GALWAY CITY EAST
Galway City Baptist Church,Galway,www.galwaycitychurch.com,53.258398,-9.127748,GALWAY CITY WEST
Good News Christian Church,Cork,https://goodnewschristianchurch.blogspot.com/p/contact-us.html,51.851532085502,-8.28965402021666,COBH
Gorey Christian Assembly,Wexford,https://goreyca.com,52.6693109312824,-6.29770998459268,GOREY
Grace Baptist Church,Galway,https://gracegalway.ie,53.2799034,-9.021073363,GALWAY CITY EAST
Grace Baptist Church (Killarney),Kerry,www.gracebaptistchurch.ie,52.0556881459778,-9.49246503614929,KILLARNEY
Grace Bible Fellowship,Dublin,www.grace.ie,53.3450817773412,-6.25318621577708,SOUTH EAST INNER CITY
Grace Church New Ross,Wexford,https://www.facebook.com/gracechurchnewross/,52.397351,-6.94361,NEW ROSS
Grace Community Church,Roscommon,https://graceroscommon.church/,53.5906125435094,-8.11983967966812,ROSCOMMON
Grace Fellowship Church,Dublin,https://www.grace.ie,53.3450770299408,-6.25320193481318,SOUTH EAST INNER CITY
Grace Missionary Baptist Church,Cork,,51.9108924,-8.336159,COBH
Grosvenor Road Baptist Church,Dublin,www.grosvenorbaptist.org,53.3197816988414,-6.27199540228435,PEMBROKE
Hacketstown Christian Centre,Carlow,,52.8615470686766,-6.55499683655396,TULLOW
Hillside Evangelical Church,Wicklow,https://www.hillside.ie,53.144993,-6.06594,GREYSTONES
Hope Baptist Church,Dublin,https://hope.ie/,53.2898113,-6.2423108,DUNDRUM
Hope Church,Kildare,https://www.hope-church.ie/,53.231914307514,-6.64015381804712,NAAS
Hope Community Church,Longford,hopelongford.com,53.7299298591768,-7.80180317331723,LONGFORD
Jamestown Road Baptist Church,Dublin,www.jamestownroadchurch.ie,53.3910752723024,-6.29692551768844,BALLYMUN-FINGLAS
Kilkenny Community Church,Kilkenny,http://www.kilcomchurch.org,52.6556397194153,-7.25546356172487,KILKENNY
Killarney Christian Group,Kerry,https://www.killarneychristiangroup.ie/,52.069019259804,-9.58089833124991,KILLARNEY
Kinsale Baptist Church,Cork,www.kinsaleabc.ie,51.7047619485479,-8.53699387946381,BANDON-KINSALE
Letterkenny Baptist Church,Donegal,www.letterkennybaptistchurch.com,54.9527312037196,-7.72897880560557,LETTERKENNY
Letterkenny Christian Fellowship,Donegal,https://www.lcf.ie/,54.944751,-7.697285,LETTERKENNY
Lifegate Bible Baptist Church,Dublin,https://lifegate.org/,53.28843,-6.356443,TALLAGHT CENTRAL
Limerick Baptist Church,Limerick,limerickbaptist.ie,52.6756393980051,-8.65391835820622,LIMERICK CITY NORTH
Limerick Christian Centre Mungret,Limerick,https://www.limerickchristiancentre.com/contact-us,52.631343760319,-8.67957478889215,LIMERICK CITY WEST
Limerick City Church,Limerick,http://www.limerickcitychurch.com/,52.659873,-8.627056,LIMERICK CITY WEST
Listowel Christian Fellowship,Kerry,http://www.listowelchristianfellowship.ie/,52.4664688720472,-9.5300790201853,LISTOWEL
Living Hope,Meath,livinghope.ie,53.5576767935416,-6.78805963117344,TRIM
Longford Baptist Church,Longford,http://www.longfordbaptist.com/,53.7263344462207,-7.79669686166088,LONGFORD
Manorhamilton Christian Fellowship,Leitrim,,54.3061977209253,-8.17493449868122,MANORHAMILTON
Midleton Baptist Church,Cork,midletonbaptist.ie,51.9205845388847,-8.17537997405783,MIDLETON
Mullingar Christian Fellowship,Westmeath,mullingarcf.ie,53.5223587939515,-7.34451247780188,MULLINGAR
Naas Baptist Fellowship,Kildare,naasbaptist.ie,53.2304996500044,-6.6475737888613,NAAS
Navan Baptist Church,Meath,,53.6559882,-6.680708,NAVAN
Nenagh Baptist Church,Tipperary,nenaghbaptistchurch.eu,52.8650256202423,-8.1995375931776,NENAGH
New Life Baptist Church,Louth,https://nlbcdrogheda.com/,53.7148580354541,-6.34815766855124,DROGHEDA URBAN
New Life Fellowship Church,Donegal,newlifefellowship.ie,54.94806,-7.736274,LETTERKENNY
Newbridge Bible Fellowship Church,Kildare,https://newbridgebiblechurch.ie/,53.1956751997208,-6.78744046002765,NEWBRIDGE
North City Baptist Church,Dublin,www.northcitychurch.ie,53.3640567722945,-6.300444502348,CABRA-GLASNEVIN
Oranmore Community Church,Galway,https://occhurch.ie,53.2773623,-8.9283634,ATHENRY-ORANMORE
Passage Baptist Church,Cork,passagebaptistchurch.ie,51.869751,-8.336546,CARRIGALINE
Raphoe Congregational Church,Donegal,https://raphoechurch.com/,54.875741630327,-7.58808594481901,LIFFORD-STRANORLAR
Redeemer Church,Dublin,https://www.redeemerdublin.ie/,53.291757,-6.275089,DUNDRUM
River Valley Baptist Church,Kildare,https://rivervalleybc.org/contact/,53.3810150726474,-6.57759795632176,MAYNOOTH
Rural Revival Church,Wicklow,https://www.facebook.com/p/Rural-Revival-Baltinglass-61552497001437/,52.9413186728756,-6.70925667673041,BALTINGLASS
Shalom Christian Fellowship,Monaghan,https://www.facebook.com/ShalomChristianFellowshipMonaghan/,54.2488408446865,-6.97090410415024,MONAGHAN
Shannon Christian Church,Clare,https://shannonchristians.ie/,52.716832280912,-8.87311024481719,SHANNON
Sligo Baptist Church,Sligo,https://sligobaptist.ie/,54.2826512962804,-8.47634937406086,SLIGO-STRANDHILL
South City Church,Dublin,https://www.southcitychurch.ie,53.286534,-6.200003,STILLORGAN
South Hill Evangelical Church,Dublin,https://www.southhillchurchdublin.ie,53.298803,-6.204168,BLACKROCK
Swords Baptist Church,Dublin,www.swordsbaptistchurch.com,53.448005920169,-6.20095428849986,SWORDS
"The Bride, Christian Fellowship",Donegal,https://www.facebook.com/p/The-Bride-Christian-Fellowship-100089613445513/,54.6400492726927,-8.3897534752942,DONEGAL
The Bridge Church,Kildare,thebridgechurch.ie,53.343654,-6.545904,CELBRIDGE
The CornerChurch Tuam,Galway,http://www.irishchristian.net/tuam,53.514193,-8.852097,TUAM
The Light House,Kilkenny,http://www.thelighthousekk.org/,52.6551372323628,-7.2577862791282,KILKENNY
Thurles Baptist Church,Tipperary,www.thurlesbaptistchurch.ie/Contact.html,52.681940,-7.80222,THURLES
Tipperary Bible Church,Tipperary,https://tipperarybiblechurch.com/,52.4697807812669,-8.16019574287498,CASHEL-TIPPERARY
Tralee Baptist Church,Kerry,http://www.traleebaptistchurch.com/,52.2866598054946,-9.69029019933059,TRALEE
Tralee Bible Fellowship,Kerry,https://traleebiblefellowship.ie/,52.2739879985582,-9.70590824882892,TRALEE
Tramore Bible Church,Waterford,https://www.facebook.com/tramorechurch/,52.1641956742163,-7.14991732054454,TRAMORE-WATERFORD CITY WEST
Trinity Church Dublin,Dublin,https://www.trinity.ie,53.3500189722904,-6.2541701888551,NORTH INNER CITY
Tullamore Bible Church,Offaly,www.tullamorebiblechurch.org,53.2891965336697,-7.5157442024527,TULLAMORE
United Church Castlebar,Mayo,https://unitedchurchcastlebar.com/,53.8529691294516,-9.30613517348722,CASTLEBAR
Waterford Baptist Church,Waterford,www.waterfordbaptist.ie,52.258054873263,-7.10766711481881,WATERFORD CITY SOUTH
Waterford Christian Assembly,Waterford,https://waterford-assembly.com,52.2570308347452,-7.12957410240494,WATERFORD CITY SOUTH
Westside Baptist Church,Cork,www.westsidebaptist.ie,51.7345101985589,-8.75461174223974,BANDON-KINSALE
Wexford Bible Church,Wexford,wexfordbiblechurch.ie,52.3278430935879,-6.47341353798354,WEXFORD
Youghal Baptist Church,Cork,youghalbaptist.ie/contact/,51.9539289597919,-7.86066713125578,MIDLETON
Bray Christian Assembly,Wicklow,https://christianassemblybray.com,53.203623,-6.107496,BRAY EAST
Fairview Hall,Dublin,https://fairviewhall.ie,53.361783,-6.238005,CLONTARF
Irishtown Gospel Hall & Chapel of Ease.,Dublin,https://www.facebook.com/go2chapelofease/,53.338596,-6.223424,SOUTH EAST INNER CITY
Kilkenny Christian Assembly,Kilkenny,https://www.kilkennychristianassembly.com/,52.645187081504,-7.20635558963545,CASTLECOMER
Laois Bible Church,Laois,https://laoisbiblechurch.ie/,52.9115675421587,-7.35073526170964,PORTLAOISE
Mallow St Christian Fellowship,Limerick,mallowstchristians.com,52.6599465183409,-8.62959973121979,LIMERICK CITY WEST
Newcastle West Bible Fellowship,Limerick,https://www.ncwbiblefellowship.com/,52.4494230875831,-9.05811961958504,NEWCASTLE WEST
Rathmines Gospel Assembly,Dublin,https://gospel.ie/,53.3161558404912,-6.26388923989193,KIMMAGE-RATHMINES
Riverside Gospel Hall,Cork,https://www.riversidegospelhall.com/,51.747039,-8.741141,BANDON-KINSALE
Shankill Bible Church,Dublin,https://www.shankillbiblechurch.org/,53.2341284156739,-6.11700584653201,KILLINEY-SHANKILL
Wicklow Christian Assembly,Wicklow,,52.9818550,-6.0466405,WICKLOW
Adare Methodist Church,Limerick,https://www.facebook.com/AdareandBallingraneMethodistChurch/,52.5639788,-8.7941798,ADARE-RATHKEALE
Alive Church,Wexford,https://www.alivechurch.ie/visit,52.5000211670163,-6.56568603648565,ENNISCORTHY
Ardara Methodist Church,Donegal,https://www.facebook.com/p/Ardara-Methodist-Church-100076349469859/,54.7636411603142,-8.41154018457299,GLENTIES
Arklow Methodist Church,Wicklow,https://www.facebook.com/profile.php?id=100064389863306,52.8012311691605,-6.14824870669641,ARKLOW
Athlone Methodist Church,Westmeath,https://www.facebook.com/profile.php?id=100068980547757,53.4244474978745,-7.94026346355284,ATHLONE
Athy Methodist Church,Kildare,https://irishmethodist.org/church/athy,52.9921659676113,-6.98826395322688,ATHY
Ballina Methodist Church,Mayo,https://www.facebook.com/profile.php?id=100070277824865,54.1123388894164,-9.15537639312738,BALLINA
Ballineen Methodist Church,Cork,https://www.westcorkmethodists.com/,52.5492427999429,-8.93601165089367,SKIBBEREEN-WEST CORK
Ballingrane Methodist Church,Limerick,https://www.facebook.com/AdareandBallingraneMethodistChurch,52.5492753478308,-8.93592583506864,ADARE-RATHKEALE
Ballintra Methodist Church,Donegal,https://www.facebook.com/DonegalBallintraInver/,54.5790110101263,-8.12476568888443,DONEGAL
Bandon Methodist Church,Cork,https://www.facebook.com/gatewayfellowshipbandon/,51.7457359111724,-8.73514869561455,BANDON-KINSALE
Birr Methodist,Offaly,https://www.facebook.com/profile.php?id=61586008920592,53.0975582627721,-7.909978408534,BIRR
Blacklion Methodist Church,Cavan,https://www.facebook.com/p/Blacklion-Methodist-Church-61556595414995/,54.290042,-7.887404,CAVAN-BELTURBET
Blanchardstown Methodist Church,Dublin,blanchardstownmethodistchurch.com,53.4328817967549,-6.37745547350904,BLANCHARDSTOWN-MULHUDDART
Borrisokane Methodist Church,Tipperary,https://www.facebook.com/northtippmethodist/,52.9958238295892,-8.12788847782907,NENAGH
Bray Methodist Church,Wicklow,,53.2012,-6.1081,BRAY EAST
Carlow Methodist Church,Carlow,https://www.facebook.com/CarlowandKilkennyMethodist,52.8396712721466,-6.92991410281834,CARLOW
Centenary Methodist Church,Dublin,https://www.methodistcentenary.ie/,53.3292765722844,-6.25181700234983,PEMBROKE
Clonakilty Methodist Church,Cork,https://www.clonakiltymethodist.com/,51.622145951962,-8.89009325054472,SKIBBEREEN-WEST CORK
Clontarf Methodist Church,Dublin,http://www.irishmethodist.org/church/clontarf,53.362878872294,-6.21592727351264,CLONTARF
Cloughjordan Methodist Church,Tipperary,https://www.facebook.com/cloughjordan.methodistchurch.3/,52.942756470174,-8.03785896678753,NENAGH
Cork (Ardfallen Methodist Church),Cork,https://www.corkmethodistchurches.com/,51.8845413404414,-8.44703767352748,CORK CITY SOUTH EAST
Donegal Town Methodist Church,Donegal,,54.655210,-8.11205,DONEGAL
Drimoleague Methodist Church,Cork,https://www.westcorkmethodists.com/drimoleague,51.6591770555895,-9.26363381592888,BANTRY-WEST CORK
Dublin Central Methodist Church,Dublin,https://dublincentralmission.ie/abbey-street-methodist-church/,53.3525194812692,-6.25936891614093,NORTH INNER CITY
Dublin Korean Church,Dublin,,53.3292199722843,-6.25194373111926,PEMBROKE
Dun Laoghaire Methodist Church,Dublin,https://dlmc.org/,53.2907024533511,-6.13570768331378,DÚN LAOGHAIRE
Dundrum Methodist Church,Dublin,https://dundrummethodist.ie/,53.276371,-6.244032,GLENCULLEN-SANDYFORD
Gateway Methodist Church,Kerry,https://www.kenmare.ie/kenmare-item/gateway-methodist-church/,51.88435393942,-9.59085196439224,KENMARE
Gorey Methodist Church,Wexford,,52.674552251092,-6.29456452937085,GOREY
Inver Methodist Church,Donegal,,54.64227,-8.25505,DONEGAL
Kilkenny Methodist Church,Kilkenny,https://www.facebook.com/kilkennymethodist/,52.6511633754088,-7.25450641142247,KILKENNY
Killarney Methodist Church,Kerry,https://www.killarneymethodist.com/,52.0570263688569,-9.50620668092765,KILLARNEY
Kinsale Methodist Church,Cork,,51.7056891258492,-8.52258944476198,BANDON-KINSALE
Longford Methodist Church,Longford,https://www.facebook.com/p/Longford-Methodist-Church-100064847104514/,53.7323610218333,-7.80028348245877,LONGFORD
Lucan Methodist Church,Dublin,https://dublincentralmission.ie/abbey-street-methodist-church/,53.3566594634223,-6.44958999251668,LUCAN
Methodist Centenary Church,Dublin,https://www.methodistcentenary.ie/,53.3292830056931,-6.25181968238326,PEMBROKE
Monaghan Methodist Church,Monaghan,,54.2472212100482,-6.97088829065658,MONAGHAN
Mountmellick Methodist Church,Laois,https://www.facebook.com/mountmellickmethodist/,53.1132464854289,-7.32818989532328,BORRIS-IN-OSSORY-MOUNTMELLICK
Nazarene Community Church - Greystones,Wicklow,https://www.facebook.com/GreystonesNazarene/,53.131311,-6.071152,GREYSTONES
Portlaoise Methodist Church,Laois,https://www.facebook.com/p/Methodist-Church-Portlaoise-100079695335171/,53.036341803759,-7.301308896672,PORTLAOISE
Rathgar Methodist Church,Dublin,https://rathgar.hubb.church/,53.3145011993805,-6.27925422768039,KIMMAGE-RATHMINES
Roscrea Methodist Church,Tipperary,https://www.facebook.com/northtippmethodist/,52.9537990229592,-7.7979135446983,ROSCREA-TEMPLEMORE
Shinrone Methodist Church,Offaly,https://www.facebook.com/northtippmethodist,52.9839064560013,-7.92694604479796,BIRR
Skerries Methodist Church,Dublin,http://www.skerriesmethodistchurch.org/Home.html,53.5798782833285,-6.10648187177559,BALBRIGGAN
Skibbereen Methodist Church,Cork,,51.5611629842869,-9.26214380662432,SKIBBEREEN-WEST CORK
Sutton (Landmark) Methodist Church,Dublin,,53.3897841727184,-6.10460832013786,HOWTH-MALAHIDE
Tallaght (An Solas) Methodist Church,Dublin,https://www.methodistcentenary.ie/Groups/429401/Tallaght_Methodist_Church.aspx,53.2787657323161,-6.4008116888588,TALLAGHT SOUTH
Tullamore Methodist Church,Offaly,https://www.facebook.com/p/Tullamore-Methodist-Church-61555483585469/,53.2746681285636,-7.49053620245355,TULLAMORE
Urban Junction,Dublin,https://urban-junction.com/,53.3010596956041,-6.17612736002223,BLACKROCK
Waterford Methodist Church,Waterford,https://www.methodistchurchwaterford.com/,52.2611,-7.1082,TRAMORE-WATERFORD CITY WEST
Wexford Methodist Church,Wexford,,52.3387598047403,-6.46298646943752,WEXFORD
Wicklow Methodist Church,Wicklow,,52.9781,-6.0442,WICKLOW
Youghal Methodist,Cork,http://corkmethodistchurches.ie/,51.950369597223,-7.8444027024205,MIDLETON
Ballinasloe Christian Fellowship,Galway,https://www.ballinasloechristianfellowship.com,53.3268619588787,-8.22065739560883,BALLINASLOE
Calvary Church Gorey,Wexford,http://pve.ekd.mybluehost.me/,52.6681315119614,-6.29030356127945,GOREY
Calvary Cork,Cork,https://www.calvarycork.org,51.8719849,-8.4883813,CORK CITY SOUTH WEST
Calvary Galway,Galway,https://www.calvarygalway.com/,53.2587397,-9.084966482,GALWAY CITY WEST
Calvary Sligo,Sligo,https://www.calvarysligo.org/,54.2665450206536,-8.46425620553719,SLIGO-STRANDHILL
Calvary Waterford,Waterford,https://www.calvarywaterford.com,52.259348523479,-7.12288863798706,TRAMORE-WATERFORD CITY WEST
Chinese Gospel Church Abbey Street,Dublin,https://cgci.ie/abbey-street/,53.347521,-6.262674,NORTH INNER CITY
Chinese Gospel Church Esker House,Dublin,https://cgci.ie,53.3494534635021,-6.44102404467791,LUCAN
Chinese Gospel Church Portlaoise,Laois,https://cgci.ie/portlaoise/,53.036341803759,-7.301308896672,PORTLAOISE
Christ Church North Dublin,Dublin,https://christchurchnorthdublin.com/,53.3995625178842,-6.12785770633872,HOWTH-MALAHIDE
Church Of Christ Dublin,Dublin,https://www.churchofchristireland.ie,53.326938,-6.256796,PEMBROKE
Church of Christ Knocklyon,Dublin,https://www.churchofchrist.ie/,53.2841571,-6.3259815,FIRHOUSE-BOHERNABREENA
City Church Dublin,Dublin,https://citychurchdublin.ie,53.3486767768021,-6.22820004467793,NORTH INNER CITY
Immanuel Church Dublin,Dublin,https://immanuelchurchdublin.org,53.347479,-6.260487,NORTH INNER CITY
Iranian Gospel Church Dublin,Dublin,,53.3473740665151,-6.26045020694113,NORTH INNER CITY
Mulhuddart Community Church,Dublin,https://www.ccdublin.com,53.405314115102,-6.39404311291231,BLANCHARDSTOWN-MULHUDDART
North Clare Community Church,Clare,https://www.northclarechurch.com,52.9405119,-9.291085,ENNISTIMON
Ranelagh Christian Church,Dublin,https://www.bibleanswers.ie/,53.326833,-6.256637,PEMBROKE
River Of Life Athlone Le Ceile Christian Church,Westmeath,https://www.riveroflife.ie,53.4284940640828,-7.95031552933203,ATHLONE
St Catherine's Church of Ireland,Dublin,https://saintcatherines.ie,53.342949,-6.281226,SOUTH WEST INNER CITY
Abundant Grace,Donegal,,54.9495603751129,-7.71846164731891,LETTERKENNY
Abundant Grace Christian Assembly,Dublin,https://www.abundantgrace.ie,54.949786,-7.7182363,SOUTH EAST INNER CITY
Abundant Life Christian Church,Limerick,https://www.abunlife.com/,52.660968,-8.6313862,LIMERICK CITY WEST
Abundant Life Family Church,Dublin,https://www.facebook.com/alfcdublin/,53.3432296,-6.3621847,BALLYFERMOT-DRIMNAGH
AFM Praise Tabernacle,Dublin,https://www.facebook.com/p/AFM-Praise-Tabernacle-100079882060563/,53.356436,-6.2494609,NORTH INNER CITY
Agape Family Centre,Waterford,,52.1679523,-7.1444624,TRAMORE-WATERFORD CITY WEST
Agape Parish,Cork,,51.8900133361175,-8.53413875651063,CORK CITY SOUTH WEST
Alive Chapel,Wexford,https://www.alivechurch.ie/chapel,52.4999584051741,-6.56708418802038,ENNISCORTHY
All Nations Assembly,Dublin,,53.4564,-6.2134,SWORDS
All Nations Church,Dublin,https://www.allnations.ie/,53.330888754728,-6.2800976324363,SOUTH WEST INNER CITY
All Saints Parish,Laois,https://www.facebook.com/groups/122584817758800/,53.0324,-7.2912,PORTLAOISE
All Souls Parish,Offaly,,53.3445465294524,-7.07439534299589,EDENDERRY
Amazing Grace Church,Mayo,https://www.agfwestport.com/,53.8004234359136,-9.52529564147671,WESTPORT
Arklow Christian Community Church,Wicklow,https://arklowccci.org/,52.7970328625066,-6.15853498157058,ARKLOW
Assembly of God Carlow,Carlow,https://www.facebook.com/Assemblyofgodcarlow/,52.836693,-6.935489,CARLOW
Assembly of God Church Roscommon,Roscommon,https://www.agireland.org/,53.6241742551615,-8.19861298944639,ROSCOMMON
Assembly Of God Ireland Ministry Dublin,Dublin,https://www.facebook.com/assemblyofgoddublinministrymadureira12/,53.3538722644155,-6.26098923845532,NORTH INNER CITY
Assembly of God Mission Tuam,Galway,https://www.instagram.com/assemblytuam/,53.50812842,-8.875289247,TUAM
Assembly of Praise,Dublin,https://www.facebook.com/profile.php?id=100064310150192,53.5257781838502,-6.16577438152719,RUSH-LUSK
Ballyfermot Community Church,Dublin,https://elimbcc.com/,53.344088,-6.359767,BALLYFERMOT-DRIMNAGH
Banner of Love Church Arklow,Wicklow,,52.7999410,-6.144013,ARKLOW
Banner of Love Church Wicklow,Wicklow,,52.9798477,-6.0381429,WICKLOW
Be Church Cavan,Cavan,https://www.instagram.com/bechurch.cavan/,53.9699952589193,-7.3531081818945,CAVAN-BELTURBET
Betania Church,Dublin,https://www.betania.ie/en,53.4146429453078,-6.39355537272189,BLANCHARDSTOWN-MULHUDDART
Betel Dublin (Romanian),Dublin,beteldublin.com,53.4140376723091,-6.36047017344437,NORTH INNER CITY
Bethel Christian Assembly Dublin,Dublin,https://bethelchristianassembly.ie/,53.3941070175822,-6.22185092565042,ARTANE-WHITEHALL
Bethel Parish,Galway,https://www.facebook.com/rccgbethelparishgalway,53.2895053962419,-9.005556667,GALWAY CITY EAST
Bethel Worship Centre,Dublin,,53.344167,-6.359596,BALLYFERMOT-DRIMNAGH
Biserica Muntele Sionului,Dublin,https://www.facebook.com/BisericaMunteleSionuluiDublin/,53.3751352248002,-6.28939796835669,CABRA-GLASNEVIN
CAC Outreach Athlone,Westmeath,https://www.facebook.com/p/CAC-Outreach-Athlone-100077560207214/,53.4310991550526,-7.89620747682145,ATHLONE
Calvary Christian Centre,Dublin,https://ccireland.ie/,53.329004,-6.332522,BALLYFERMOT-DRIMNAGH
Castlebar Christian Fellowship,Mayo,https://www.castlebarchristianfellowship.org/,53.8549295397431,-9.29784173044355,CASTLEBAR
Chapel of Light,Longford,https://www.rccgchapeloflight.com/,53.7144099195972,-7.8191244739309,LONGFORD
Chapel of Light,Meath,https://www.facebook.com/p/Rccg-Chapel-of-Light-Duleek-100069280063109/,53.6543378553798,-6.43519531767481,LAYTOWN-BETTYSTOWN
Chapel of Mercy,Longford,https://rccgireland.org/longford,53.6941175335948,-7.6086124414071,BALLYMAHON
Chapel of Restoration,Dublin,,53.3000682660083,-6.50319310235138,LUCAN
Christ Apostolic Church (VOC),Galway,https://www.facebook.com/cacvocgalway/,53.284597,-9.037155,GALWAY CITY CENTRAL
Christ Apostolic Church Outreach,Galway,https://www.instagram.com/cacoutreachgalway/,53.28605478,-9.033311899,GALWAY CITY CENTRAL
Christ Embassy Cork,Cork,https://www.facebook.com/p/Christ-Embassy-Cork-100076226675617/,51.8983033719049,-8.44722582021429,CORK CITY SOUTH EAST
Christ Embassy Dublin,Dublin,https://www.facebook.com/ceireland/,53.314298,-6.345679,RATHFARNHAM-TEMPLEOGUE
Christ Foundation Sanctuary,Carlow,https://rccgcarlow.org/,52.8365730808095,-6.93006699423287,CARLOW
Christ Life Centre,Meath,,53.5040760299085,-6.38976350234081,ASHBOURNE
Christ Our Cornerstone,Meath,https://www.facebook.com/christourcornerstone.laytown/,53.6783185565973,-6.25681020233173,LAYTOWN-BETTYSTOWN
Christ the King,Mayo,http://www.rccgchristtheking.org/,53.8571834281784,-9.28009925999332,CASTLEBAR
Christian Congregation in Ireland - Ennis,Clare,https://www.ccirl.ie/churchlocator/,52.8356427543264,-8.97261697104995,ENNIS
City of David,Kildare,,53.2075079722493,-6.73750393119158,NEWBRIDGE
Communion Parish,Roscommon,,53.4216145756548,-7.99668857107772,ATHLONE
Community Church Clane,Kildare,https://rccgfolclane.com/,53.3025401823925,-6.69885233519289,CLANE
Cork Church,Cork,https://www.corkchurch.com/,51.8986693577954,-8.46670710792299,CORK CITY SOUTH CENTRAL
Cornerstone Parish Tuam,Galway,https://rccglivingstoneparish.com/galway/,53.5087042,-8.8758801,TUAM
Cornerstone Slieve Bloom Church,Offaly,https://www.cornerstoneireland.ie/,53.28742372906,-7.51517814713944,TULLAMORE
Crumlin Christian Assembly,Dublin,,53.32236,-6.30628,KIMMAGE-RATHMINES
D24 Church,Dublin,https://www.d24church.ie/,53.2870720,-6.370449,TALLAGHT CENTRAL
Desire of All Nations,Kildare,http://rccgdoan.org/our-location/,53.1734187646762,-6.79787104468699,NEWBRIDGE
Discovery Church (Clifden),Galway,https://www.instagram.com/discoverychurchclifden,53.48949627,-10.0028378,CONAMARA NORTH
Discovery Church (Galway),Galway,https://discoverychurch.ie/,53.28911,-9.02164,GALWAY CITY EAST
Discovery Church (Tuam),Galway,https://discoverychurch.ie/,53.511193,-8.845648,TUAM
Dominion Chapel,Dublin,https://rccgdominionchapellucan.org/,53.361136167016,-6.44360160234819,LUCAN
Drogheda Prayer Centre,Louth,https://www.droghedaprayercentre.org/,53.7152430710238,-6.34580621582348,DROGHEDA RURAL
Dublin International Christian Church,Dublin,https://www.instagram.com/dublinicc/,53.3546814722916,-6.26060070228261,CABRA-GLASNEVIN
Dublin Vineyard,Dublin,dublinvineyard.ie,53.331028,-6.270814,SOUTH EAST INNER CITY
Emmanuel's House,Kildare,https://www.rccgireland.org/,53.337166159807,-6.54030853118489,CELBRIDGE
Every Nation Dublin,Dublin,https://www.everynation.ie,53.3335571998547,-6.2679539718265,SOUTH EAST INNER CITY
Excel Parish,Dublin,https://rccgexcelparishdublin.org/,53.2792686081121,-6.21918761479795,STILLORGAN
Expectation Church,Dublin,https://www.weareexpectation.com/,53.3522478,-6.3936439,PALMERSTOWN-FONTHILL
Faith Arena Parish,Kildare,,53.1406955537173,-7.05570644272695,KILDARE
Faith City Church,Dublin,https://linktr.ee/faithcitychurchdublin,53.3911118,-6.1927281,DONAGHMEDE
Faith Hall,Laois,https://rccgireland.org/laois,53.0380645785865,-7.31347226170207,PORTLAOISE
Faith Tabernacle,Laois,https://www.facebook.com/FaithTabernacleAbbeyleix,53.0244477523774,-7.26486363409335,PORTLAOISE
Firebrand Christian Church,Dublin,https://four12global.com/partners/firebrand-christian-church/,53.27413,-6.4028,TALLAGHT SOUTH
Foundation Ministries,Clare,https://foundationministriesireland.net/,52.846165,-8.971989,ENNIS
Fountain of Life,Galway,https://rccglivingstoneparish.com/galway/,53.2012,-8.5712,LOUGHREA
Fountain of Love,Kildare,,53.2298779614004,-6.63926907803542,NAAS
Fountaingate Christian Church,Cork,https://fountaingate.ie/,52.135672310933,-8.64005242020226,MALLOW
Garden of Eden Int'l Church,Limerick,https://www.gardenofedeninternationalchurch.org/contact,52.6662726,-8.632013,LIMERICK CITY NORTH
Gateway Church (Tullow),Carlow,https://www.gatewaychurch.ie/,52.7958207166625,-6.75411749738848,TULLOW
Gospel Faith Mission International Ireland HQ,Dublin,,53.3368091705272,-6.34514128219961,BALLYFERMOT-DRIMNAGH
Grace Abundant Filipino Community Church,Dublin,https://www.facebook.com/GraceAbundantFilipinoCommunityChurch/,53.386193572301,-6.37692448693971,CASTLEKNOCK
Grace Christian Church,Cork,https://graceireland.com/,51.9015466062714,-8.46764076684072,CORK CITY NORTH EAST
Grace Family International Church,Carlow,gficireland.com,52.8395919325221,-6.92885570170612,CARLOW
Hephzibah Parish,Carlow,https://www.facebook.com/p/RCCG-Hephzibah-Parish-Carlow-61558483343337/,52.8366843932748,-6.93236958141383,CARLOW
His Glory Parish,Limerick,http://www.rccghisgloryparishlimerick.com/,52.6483838536253,-8.61019264471401,LIMERICK CITY NORTH
His Grace Sanctuary,Meath,,53.6564,-6.2312,LAYTOWN-BETTYSTOWN
Holy Church House Of Grace,Cavan,,53.9894505803328,-7.36209960231559,CAVAN-BELTURBET
Holy Trinity Church,Dublin,,53.354486,-6.263691,NORTH INNER CITY
Hope and Glory Christian Ministries,Dublin,https://hopeandglorychurch.com/,53.3786893722987,-6.28921370228139,BLANCHARDSTOWN-MULHUDDART
Hope Centre,Dublin,https://hopecentre.ie/,53.3227635,-6.319465,KIMMAGE-RATHMINES
Hope Church Ennis,Clare,https://hopechurchennis.com/,52.8412671,-8.981503,ENNIS
Hope Ennis,Clare,https://www.facebook.com/p/Rccg-Hope-Ennis-61564393743889/,52.8605285497659,-8.98525252060834,ENNIS
Hope of Glory,Dublin,https://rccghopeofglory.org/,53.5724535432011,-6.2065914599425,BALBRIGGAN
Hosanna House,Cavan,https://www.facebook.com/CavanChurch/,53.9913430649211,-7.37571881580907,CAVAN-BELTURBET
House of Flourish,Westmeath,,53.4533362599318,-7.09668823569855,KINNEGAD
House of Grace,Louth,,53.7123,-6.3512,DROGHEDA URBAN
House of His Glory,Westmeath,https://www.facebook.com/p/Rccg-House-of-His-Glory-Mullingar-100079242530754/,53.5553646191911,-7.35491085021168,MULLINGAR
House of Prayer For All People,Cork,https://www.instagram.com/rccghouseofprayercobh/,51.8616061032727,-8.29700920817181,COBH
ICRM Redeemer Church Dublin,Dublin,https://www.icrmchurchdublin.com,53.3309407722849,-6.31923423111915,SOUTH WEST INNER CITY
In Christ Church Pentecostal Church of Ireland,Dublin,ipcireland.org,53.312738,-6.337899,RATHFARNHAM-TEMPLEOGUE
Indian Pentecostal Church of God - IPC Dublin,Dublin,ipcchurchdublin.com,53.309952,-6.332328,RATHFARNHAM-TEMPLEOGUE
Inspiration House,Cork,https://rccginspirationhouse.org/,51.8713342083491,-8.47190306684219,CORK CITY SOUTH CENTRAL
Inspiration House,Kerry,https://www.rccginspirationhousetralee.org/,52.2705967481096,-9.70713565987426,TRALEE
IPA Church of God,Dublin,,53.394646,-6.249643,ARTANE-WHITEHALL
Ireland Tamil Christian Fellowship,Dublin,,53.37628,-6.30832,CABRA-GLASNEVIN
Island Church Dundalk,Louth,https://www.islandchurchdundalk.ie/,54.006796,-6.406572,DUNDALK-CARLINGFORD
Jesus Centre,Dublin,https://rccgireland.org/dublin,53.3278599186683,-6.3538896552645,BALLYFERMOT-DRIMNAGH
Jesus Glory International,Kildare,https://jesusgloryintl.com/,52.9863879721871,-6.99852363120298,ATHY
Jesus Kingdom,Laois,,53.1204279154986,-7.32547718746858,BORRIS-IN-OSSORY-MOUNTMELLICK
Jesus Tabernacle,Dublin,,53.4007558491251,-6.3406036735107,NORTH INNER CITY
Jesus' Church @ Spring of Life,Mayo,https://www.jesuschurch.ie/,53.7792705706458,-9.07434623116192,CASTLEBAR
JILGM Ireland,Dublin,,53.335218631125,-6.31815860234952,CLONTARF
Joseph's Palace,Dublin,,53.2943866363298,-6.36420744178084,TALLAGHT CENTRAL
Kells Christian Centre,Meath,https://www.instagram.com/kellschristiancentre/,53.7369209026124,-6.88386130232868,KELLS
King's Arena,Dublin,,53.234296672257,-6.12881900235474,KILLINEY-SHANKILL
King's Court,Dublin,,53.4130845059408,-6.40579825523913,BLANCHARDSTOWN-MULHUDDART
King's Sanctuary,Meath,,53.6553695024781,-6.69457483871204,NAVAN
King's Tabernacle,Dublin,,53.3338427790261,-6.36651677351414,BALLYMUN-FINGLAS
King's Tower,Meath,http://rccgkingstowertrim.com/,53.562836694034,-6.76696044281871,TRIM
King’s Treasure Christian Centre,Kerry,https://www.facebook.com/pages/Kings-Treasure-Christian-Centre/128394808030508,52.0680114675909,-9.42952569105088,KILLARNEY
Kingdom House,Monaghan,,54.2573627069689,-6.97939223723809,MONAGHAN
Kingdom Life Church,Kildare,https://www.facebook.com/kildarecommunitystories/videos/kingdom-life-church-in-athy-/568721347977656/,52.9933105035177,-6.97958917297505,ATHY
L15 Church,Galway,https://www.l15church.ie,53.285725,-9.0451226,GALWAY CITY CENTRAL
LA GRACE Christian Assembly,Dublin,http://www.lagrace.info,53.326427,-6.355311,CLONDALKIN
Liberty Church,Dublin,libertychurch.ie,53.3327579041313,-6.33598675526304,PALMERSTOWN-FONTHILL
Liberty House,Meath,,53.5124,-6.5412,RATOATH
Life Community Church,Waterford,https://www.lifecommunitychurchwaterford.com/,52.2330472581293,-7.04585700786888,WATERFORD CITY EAST
Life Sanctuary,Kildare,http://www.rccglifesanctuary.org/,53.3653606090596,-6.58423479758245,MAYNOOTH
Light for the People,Roscommon,https://www.lightforthepeople.org/,53.629465068528,-8.18839472013768,ROSCOMMON
Lighthouse Assembly International Church,Galway,lighthouseassembly.neocities.org,53.292123,-9.015201,GALWAY CITY EAST
Lighthouse Church (Dublin),Dublin,https://www.lighthousechurch.ie/,53.3925138,-6.3912158,CASTLEKNOCK
Lighthouse Church (Dundalk),Louth,https://www.lighthousechurch.ie/,54.002839211493,-6.40155001821328,DUNDALK SOUTH
Lighthouse Church (Navan),Meath,https://www.lighthousechurch.ie/,53.6425656326538,-6.64774127349814,NAVAN
Living Hope Christian Fellowship,Mayo,http://livinghopechristianfellowship.com/,53.85090367244,-9.31065960232281,CASTLEBAR
Living Rock Church,Kerry,http://livingrock.info/,52.0623699570347,-9.51699521321529,KILLARNEY
Living Stone Parish,Limerick,https://rccglivingstoneparish.com/,52.6531920465401,-8.5876363735492,LIMERICK CITY EAST
Livingwater Church,Dublin,facebook.com/livingwaterchurchfinglas,53.373848,-6.290634,CABRA-GLASNEVIN
Louth Community Church Jesus House,Louth,https://www.facebook.com/louthcommunitychurchdrogheda/,53.7149,-6.3488,DROGHEDA URBAN
Maranatha Chapel,Sligo,,54.2696890432195,-8.47515882088172,SLIGO-STRANDHILL
Maranatha Christian Community Church,Waterford,https://maranatha.ie/,52.254857404334,-7.112746502405,WATERFORD CITY SOUTH
Maranatha Parish,Leitrim,https://www.facebook.com/p/Rccg-Maranatha-Parish-Carrick-On-Shannon-61550951250928/,53.9501380357722,-8.06904284392322,CARRICK-ON-SHANNON
Meath Christian Centre,Meath,https://www.facebook.com/MeathChristianCentre/,53.6609109573646,-6.72417773116809,NAVAN
Mercy of God Tabernacle,Kerry,,52.1084,-9.7892,KENMARE
Ministry of Jesus Church,Dublin,ministryofjesus.ie,53.342156,-6.356633,BALLYFERMOT-DRIMNAGH
Miracle Land,Louth,https://www.rccgmiracleland.org/home,54.0024,-6.4123,DUNDALK-CARLINGFORD
Monaghan Elim Pentecostal Church,Monaghan,https://www.monaghanelim.com/,54.2342582593342,-6.96523266625294,MONAGHAN
Mount Olive Tamil Church,Dublin,mountolivetamilchurch.com,53.3978596607943,-6.29114054652355,CABRA-GLASNEVIN
"Mountain of Fire & Miracles Ministries, Waterford, Ireland (MFM)",Waterford,https://www.facebook.com/MfmWaterford/,52.249130288598,-7.16307454473442,WATERFORD CITY SOUTH
Naas Community Church,Kildare,https://www.naaschurch.ie/,53.2166602722521,-6.65846150235567,NAAS
New Apostolic Church Dublin,Dublin,,53.2726162,-6.3060898,FIRHOUSE-BOHERNABREENA
New Covenant,Longford,,53.5728932396445,-7.75090853197123,BALLYMAHON
New Covenant Church Blanchardstown,Dublin,,53.4079981507677,-6.40073159043632,BLANCHARDSTOWN-MULHUDDART
New Covenant Church Tralee,Kerry,https://newcovenantchurchireland.org/tralee/,52.271190451342,-9.70710996129976,TRALEE
New Dawn Assembly,Cork,,51.9184936077513,-8.18606120057399,MIDLETON
New Generation,Limerick,,52.6610986271412,-8.62334384020048,LIMERICK CITY NORTH
New Hope Christian Centre,Kilkenny,https://www.facebook.com/newhopekilkenny/,52.6525710332199,-7.23201775570324,KILKENNY
New Life Assembly,Waterford,https://rccgireland.org/waterford,52.2493304937108,-7.11725628558074,WATERFORD CITY SOUTH
New Life Christian Church,Clare,https://www.facebook.com/shannonnewlife,52.7168549973317,-8.87312384680597,SHANNON
New Life Church,Cork,https://www.facebook.com/NewLifeChurchCork/,51.872838,-8.521788,CORK CITY SOUTH WEST
New Life Church Birr,Offaly,https://www.newlifechurchbirr.ie/,53.0975704315036,-7.90993467784237,BIRR
New Life Family Church (Drogheda),Louth,https://www.nlfc.ie/,53.7152303,-6.3458384,DROGHEDA URBAN
New Life International Ministries,Dublin,newlifedublin.com,53.346165,-6.373474,PALMERSTOWN-FONTHILL
New Life Tamil Church Dublin,Dublin,https://www.nlcdublin.com,53.344176,-6.359673,BALLYFERMOT-DRIMNAGH
New Life United Pentecostal Church Dundalk,Louth,https://www.facebook.com/NewLifeUPCDundalk/,54.003886566825,-6.39180849251742,DUNDALK SOUTH
New Overcomers,Westmeath,,53.5243,-7.3412,MULLINGAR
Oasis Arena,Waterford,https://www.instagram.com/rccg.oasiswaterford/,52.2520336837954,-7.11107727227107,WATERFORD CITY SOUTH
Oasis Christian Fellowship,Tipperary,https://www.oasischristianfellowship.ie/,52.953317833834,-7.79540871294674,ROSCREA-TEMPLEMORE
Oasis of Grace Centre,Kildare,,53.3812,-6.5912,MAYNOOTH
Open Arms Church (Newbridge),Kildare,https://openarms.ie/,53.1723845,-6.7960429,NEWBRIDGE
Open Arms Church (Sandyford),Dublin,https://openarms.ie/,53.2715481868388,-6.21420680620527,GLENCULLEN-SANDYFORD
Open Heavens,Dublin,https://rccgopenheavens.com/,53.3719644192023,-6.28978285525139,BALLYMUN-FINGLAS
Our God Reigns,Dublin,,53.5799369026411,-6.12396986675457,BALBRIGGAN
Overcomers Chapel,Dublin,https://rccgovercomerschapel.org/,45.3331296601073,-75.7043308162342,SWORDS
Peoples Church Dublin City,Dublin,https://www.peopleschurchdublin.com/,53.343636,-6.245977,SOUTH EAST INNER CITY
Portlaoise Life Church,Laois,portlaoise.lifechurch.ie,53.0228502789129,-7.31470504513724,PORTLAOISE
Power House,Dublin,,53.3585731905937,-6.44821356667121,LUCAN
Radical Life Christian Church,Cork,https://radicallife.ie/,51.876138,-8.440656,CORK CITY SOUTH EAST
Rehoboth Christian Church,Kerry,https://rehobothchristianchurch.ie/,52.2710980208335,-9.71004736497375,TRALEE
Resurrection Assembly,Tipperary,https://rccgireland.org/tipperary,52.3466957105295,-7.41440104350477,CARRICK-ON-SUIR
River Church Limerick,Limerick,http://www.riverchurchlimerick.com/,52.6587614797894,-8.63073672017551,LIMERICK CITY WEST
Royal Embassy Drogheda,Louth,https://rccgroyalembassy.org/,53.7066635668867,-6.37389925330342,DROGHEDA URBAN
Sanctuary for all Nations,Louth,https://rccgsfandrogheda.com/,53.725152050498,-6.32208144165241,DROGHEDA URBAN
Sanctuary of His Glory,Cork,,52.1303715719616,-8.64191571220867,MALLOW
Shalom Prayer Fellowship,Laois,http://shalomprayerfellowship.ie/,53.032825920336,-7.29442099605939,PORTLAOISE
Sligo City Church,Sligo,https://www.sligocitychurch.ie/,54.2670721557572,-8.46790171267858,SLIGO-STRANDHILL
Solemn Assembly CMX RCCG,Monaghan,https://www.facebook.com/rccg.carrickmacross.3/,53.9743769927451,-6.71972490231633,CARRICKMACROSS-CASTLEBLAYNEY
Solid Rock Church Dublin,Dublin,https://solidrockdublin.org,53.335647,-6.323949,SOUTH WEST INNER CITY
Solid Rock Church of God - Drogheda,Louth,http://www.solidrock.ie/,53.7288196791222,-6.34379123800376,DROGHEDA RURAL
Solid Rock Portlaoise,Laois,https://solidrockportlaoise.org/,53.0350301044099,-7.30246018501548,PORTLAOISE
St. Mark's Church Dublin,Dublin,https://www.stmarks.ie,53.344737,-6.251019,SOUTH EAST INNER CITY
Swords Elim Church,Dublin,https://swordselim.weebly.com/,53.46795,-6.221682,SWORDS
Tallagh Family Church,Dublin,https://www.facebook.com/TallaghtFamilyChurch/,53.295174,-6.378029,TALLAGHT CENTRAL
Telugu Church - Christian Fellowship Ireland - Telugu & English,Dublin,https://cfidublin.wixsite.com/cfi-church,53.3339827462791,-6.36757421944218,ONGAR
"The Christian Community, Movement for Religious Renewal",Clare,https://www.thechristiancommunity.co.uk/topic/congregations/ireland/clare/,52.9006935031644,-8.53976575249735,KILLALOE
The Church of Pentecost Ireland,Dublin,https://www.copireland.org/,53.3563038672444,-6.25415293793067,NORTH INNER CITY
The Father's House,Dublin,https://www.facebook.com/profile.php?id=61565829561592,53.3384,-6.4512,LUCAN
The Light of God Tabernacle,Limerick,,52.6684,-8.6312,LIMERICK CITY NORTH
The Lord of Hosts Fellowship Centre,Westmeath,,53.4144839556003,-7.30508673573037,KINNEGAD
The Lord Reigns,Dublin,https://www.facebook.com/lordreigns.rccgbalbriggan/,53.6061625750752,-6.17999464466464,BALBRIGGAN
The New Life Assembly,Wexford,,52.394340345522,-6.94508074350233,NEW ROSS
The Potter’s House Church,Dublin,https://pottershouse.ie,53.3321525652918,-6.21483370234968,NORTH INNER CITY
The Power House International,Galway,https://www.thepowerhouseinternational.org,53.28883956,-9.005808661,GALWAY CITY EAST
The Romanian Pentecostal Church Mount Zion,Meath,,53.4767314,-6.5020499,RATOATH
The Seat of Mercy,Louth,https://www.facebook.com/rccgseatofmercy/,53.716578272399,-6.34746550232974,DROGHEDA URBAN
The Upper Room,Cork,https://upperroomcork.com/,51.8968667486922,-8.46692944475229,CORK CITY SOUTH CENTRAL
TREM House of Glory Sligo,Sligo,https://www.facebook.com/people/Trem-Sligo-House-Of-Glory/61566544962096/?_rdr,54.2707034850737,-8.47339134708036,SLIGO-STRANDHILL
TREM House of Mercy,Galway,https://trem.ie,53.2910,-8.989,GALWAY CITY EAST
Trinity Chapel,Galway,https://rccglivingstoneparish.com/galway/,53.0654,-8.8124,GORT-KINVARA
Trinity Chapel,Meath,,53.7275850659157,-6.88144028883553,KELLS
Triumph Church,Kildare,https://www.triumphchurch.ie/,53.2897767,-6.6818225,CLANE
Triumphant House,Cavan,https://rccgtriumphanthouse.org/,53.8647652060601,-7.19025707348656,BALLYJAMESDUFF
UCKG HelpCentre - Universal Church,Dublin,uckg.ie,53.3611120670088,-6.27251480234821,CABRA-GLASNEVIN
Victory House Athlone,Westmeath,https://www.facebook.com/rccg.victoryhouse.545/,53.4313852,-7.8942976,ATHLONE
Victory of God Fellowship,Louth,http://www.harbourhouseworldwide.org/our-church.php,53.719007,-6.329618,DROGHEDA URBAN
Victory Outreach Dublin Church,Dublin,http://victory.ie/,53.3372397,-6.3433277,BALLYFERMOT-DRIMNAGH
Wexford Christian Community Church,Wexford,http://www.wxccc.org/,52.3291868751747,-6.49259440729994,WEXFORD
Winners Chapel International,Galway,https://winnerschapelireland.org/,53.28444,-9.036767,GALWAY CITY CENTRAL
Word International Ministries Ireland,Dublin,https://wordinternationalireland.com/,53.3469044818472,-6.34183448885529,BALLYFERMOT-DRIMNAGH
Word of Life Church,Tipperary,http://wolimclonmel.ie/,52.362308168884,-7.67142367089167,CLONMEL
Word of Life Parish,Mayo,https://www.facebook.com/p/RCCG-Word-of-Life-Parish-Ballyhaunis-Co-Mayo-100068110801715/,53.761621456688,-8.76906943544195,CLAREMORRIS
Word Of Victory Christian Fellowship & Bible School,Kerry,https://www.wordofvictory.ie/,52.0721966263105,-9.45133016438267,KILLARNEY
World Outreach Christian Centre,Limerick,https://www.wocc.ie/,52.653242,-8.657049,LIMERICK CITY WEST
Worship and Word Gospel Centre,Cork,https://worshipandwordgospelcenter.com/,51.8688332225632,-8.44067057358917,CORK CITY SOUTH EAST
Zion Family Christian Church,Roscommon,https://zfcc.org/,53.6294841552798,-8.18855565268452,ROSCOMMON
(Howth and) Malahide Presbyterian Church,Dublin,https://www.hmpchurch.org,54.949786,-7.7182363,HOWTH-MALAHIDE
Abbey Presbyterian Church,Dublin,https://www.abbeychurch.ie,54.949786,-7.7182363,NORTH INNER CITY
Adelaide Road Presbyterian Church,Dublin,https://www.adelaideroadchurch.ie,53.3324669,-6.25897,SOUTH EAST INNER CITY
Aghada Presbyterian Church,Cork,https://aghadapresbyterian.com/,51.8373249462375,-8.21452281032745,MIDLETON
Alt Presbyterian Church,Donegal,http://altnursery.ie/,54.7666314203137,-7.59090626248162,LIFFORD-STRANORLAR
Arklow Presbyterian Church,Wicklow,https://www.arklowpresbyterianchurch.com,52.8044970478432,-6.14883010484103,ARKLOW
Athy Presbyterian Church,Kildare,https://presbytery.ie/find-a-church/south-west-and-midlands/athy-presbyterian-church/,52.9931265254432,-6.97370906187171,ATHY
Bailieborough - First Presbyterian Church,Cavan,https://www.bgpc.ie,53.9563030972382,-6.97629134899145,BAILIEBOROUGH-COOTEHILL
Bailieborough - Trinity Presbyterian Church,Cavan,https://www.bgpc.ie,53.9133519570253,-6.97098514524676,BAILIEBOROUGH-COOTEHILL
Balbriggan Presbyterian Church,Dublin,http://www.balbrigganpc.org/,53.6075982868304,-6.18319969130255,BALBRIGGAN
Ballina Presbyterian Church,Mayo,https://www.ballinapresbyterian.ie,54.1146093502441,-9.15246432196364,BALLINA
Ballyalbany Presbyterian Church,Monaghan,https://www.ballyalbanychurch.com,54.2628474943459,-6.96262051022677,MONAGHAN
Ballybay - First Presbyterian Church,Monaghan,https://www.presbyterianireland.org/,54.13404,-6.93483,BALLYBAY-CLONES
Ballybay - Second Presbyterian Church,Monaghan,https://www.presbyterianireland.org/,54.12878,-6.90641,BALLYBAY-CLONES
Ballylennon Presbyterian Church,Donegal,https://www.facebook.com/p/St-Johnston-Ballylennon-Burt-Inch-Presbyterian-Churches-100066700976525/,54.88789,-7.51102,LIFFORD-STRANORLAR
Bellasis Presbyterian Church,Cavan,https://jeanmackarel.wixsite.com/cavanpresbyterian,53.8765425475088,-7.1269765888278,BALLYJAMESDUFF
Blackrock - St Andrew’s Presbyterian Church,Dublin,https://www.standrewschurchblackrock.ie,53.3016534444291,-6.18455818854786,BLACKROCK
Bray - St. Andrew's Presbyterian Church,Wicklow,https://www.standrewschurchbray.com,53.20468,-6.10672,BRAY EAST
Burt Presbyterian Church,Donegal,https://www.burtpresbyterianchurch.com,55.0393378417287,-7.42662371760224,BUNCRANA
Cahir Presbyterian Church,Tipperary,https://presbytery.ie/find-a-church/connacht-munster/cahir-presbyterian-church/,52.3786656461515,-7.93013846032561,CAHIR
Carlow Presbyterian Church,Carlow,https://www.carlowscotspc.ie,52.8399419579165,-6.93053371801186,CARLOW
Carndonagh Presbyterian Church,Donegal,http://www.hillheadchurch.org/,55.2500653204283,-7.23772826472971,CARNDONAGH
Carnone Presbyterian Church,Donegal,https://www.facebook.com/groups/1112799745513211/,54.8385541727595,-7.62552301576469,LIFFORD-STRANORLAR
Carrigart Presbyterian Church,Donegal,https://www.carrigartpresbyterianchurch.com,55.1760276122268,-7.78886210225323,MILFORD
Castleblayney - First Presbyterian Church,Monaghan,https://www.facebook.com/FirstCastleblayneyandFrankfordPresbyterian/,54.1266505984285,-6.73642865997931,CARRICKMACROSS-CASTLEBLAYNEY
Cavan Presbyterian Church,Cavan,https://jeanmackarel.wixsite.com/cavanpresbyterian,53.9915513574227,-7.36275618882178,CAVAN-BELTURBET
Christ Church Presbyterian/Methodist,Limerick,,52.6611752878327,-8.62928829336308,LIMERICK CITY WEST
Christ Church Rathgar Presbyterian Church,Dublin,https://www.christchurchrathgar.org,53.3125860099338,-6.27289453288336,KIMMAGE-RATHMINES
Clones Presbyterian Church,Monaghan,https://clonespchurchesgroup.wixsite.com/clonespchurchesgroup,54.17971,-7.23052,BALLYBAY-CLONES
Clontarf and Scots Presbyterian Church,Dublin,https://www.clontarfchurch.ie,53.36419,-6.22704,CLONTARF
Clontibret Presbyterian Church,Monaghan,,54.19888,-6.88718,BALLYBAY-CLONES
Convoy Covenanter Church (Convoy RPC),Donegal,https://convoy.rpc.org/,54.8588606482049,-7.65557785994089,LIFFORD-STRANORLAR
Convoy Presbyterian Church,Donegal,,54.8607818230566,-7.66451267158627,LIFFORD-STRANORLAR
Cootehill Presbyterian Church,Cavan,https://cootehill.ie/venue/presbyterian-church-hall/,54.0740303625738,-7.08377685998203,BAILIEBOROUGH-COOTEHILL
Corboy Presbyterian Church,Longford,https://www.corboychurch.com,53.7132557535024,-7.67544932055728,LONGFORD
Cork - Trinity Presbyterian Church,Cork,https://www.presbyteriancork.com,51.9018739268557,-8.46518942014507,CORK CITY NORTH EAST
Corraneary Presbyterian Church,Cavan,https://www.bgpc.ie,53.9925005390103,-7.02319233115084,BAILIEBOROUGH-COOTEHILL
Corvally Presbyterian Church,Monaghan,https://www.facebook.com/corvallypresbyterianchurch/,53.9973268864797,-6.83720448650584,CARRICKMACROSS-CASTLEBLAYNEY
Covenant Christian Fellowship,Galway,https://www.ccfgalway.com/,53.282304,-9.041886,GALWAY CITY CENTRAL
Creevagh Reformed Presbyterian Church,Monaghan,http://creevagh.rpc.org/,54.1507744786097,-6.92656785686657,CARRICKMACROSS-CASTLEBLAYNEY
Crossroads Presbyterian Church,Donegal,,54.98305705927,-7.43730293091729,BUNCRANA
Donabate Presbyterian Church,Dublin,https://www.donabatepc.org,53.4899037981974,-6.14323128339258,RUSH-LUSK
Donegal Presbyterian Church,Donegal,https://www.donegaltownpresbyterianchurch.com,54.65569,-8.11371,DONEGAL
Donoughmore Presbyterian Church,Donegal,,54.80107,-7.63912,LIFFORD-STRANORLAR
Drogheda Presbyterian Church,Louth,https://www.droghedapresbyterian.ie,53.7033665260883,-6.30159932136851,DROGHEDA URBAN
Drumkeen Presbyterian Church,Monaghan,,54.14865,-7.06005,BALLYBAY-CLONES
Drumkeeran Presbyterian Church,Cavan,https://jeanmackarel.wixsite.com/cavanpresbyterian,53.9600356832501,-7.52658562930438,BALLYJAMESDUFF
Dun Laoghaire Presbyterian Church,Dublin,https://www.dl-pc.org,53.2908054100734,-6.14450107970662,DÚN LAOGHAIRE
Dundalk Presbyterian Church,Louth,https://www.dundalkpresbyterianchurch.com,54.00485,-6.39564,DUNDALK SOUTH
Dunfanaghy Presbyterian Church,Donegal,,55.18307,-7.96812,GLENTIES
Ervey Presbyterian Church,Meath,https://www.bgpc.ie,53.8888132571048,-6.84365033540914,KELLS
Fahan Presbyterian Church,Donegal,https://www.fahanchurch.org,55.06506,-7.43113,BUNCRANA
Fairview Reformed Presbyterian Church,Monaghan,https://rpglobalalliance.org/congregation/fairview-reformed-presbyterian-church-ireland/,54.1529000,-6.67283,CARRICKMACROSS-CASTLEBLAYNEY
Fannet Presbyterian Church,Donegal,https://fannetchurch.wordpress.com/,55.1391697283127,-7.66524446121761,MILFORD
Fermoy Presbyterian Church,Cork,https://www.fermoypci.com/,52.1421204415408,-8.2741725846196,FERMOY
First Monaghan Presbyterian Church,Monaghan,https://www.firstmonaghanpci.org/,54.2470552686277,-6.96643875356371,MONAGHAN
First Ray Presbyterian Church,Donegal,,54.9538805261959,-7.6199687212139,LETTERKENNY
Frankford Presbyterian Church,Monaghan,https://www.facebook.com/FirstCastleblayneyandFrankfordPresbyterian/,54.13535,-6.72347,CARRICKMACROSS-CASTLEBLAYNEY
Glennan Presbyterian Church,Monaghan,,54.32415,-6.91707,MONAGHAN
Greenbank Presbyterian Church,Donegal,https://www.inishowen4pc.com,55.12026,-7.20339,BUNCRANA
Greystones Presbyterian Church,Wicklow,https://www.greystonespc.org,53.14727,-6.06379,GREYSTONES
Howth (and Malahide) Presbyterian Church,Dublin,https://www.hmpchurch.org,53.3904084281994,-6.08617994347337,HOWTH-MALAHIDE
Inch Presbyterian,Donegal,,55.062397809453,-7.48762924162694,BUNCRANA
Kells Presbyterian Church,Meath,https://www.facebook.com/p/Kells-Presbyterian-Church-Co-Meath-100066474699489/,53.724216620359,-6.88013133791166,KELLS
Kilkenny Presbyterian Church,Kilkenny,https://www.kilkennychurch.com,52.6598247796314,-7.25066240467447,KILKENNY
Killeshandra Presbyterian Church,Cavan,https://jeanmackarel.wixsite.com/cavanpresbyterian,54.0223996113163,-7.54288899964183,CAVAN-BELTURBET
Kilmacrennan Presbyterian Church,Donegal,,55.03113,-7.75047,MILFORD
Kilmount Presbyterian Church,Cavan,,54.0068551351124,-7.08784277532736,BAILIEBOROUGH-COOTEHILL
Knowhead Presbyterian Church,Donegal,,55.06509,-7.28452,BUNCRANA
Limerick – Solas Church,Limerick,https://www.solaschurch.ie/,52.6688265685719,-8.55795485940902,LIMERICK CITY NORTH
Lucan Presbyterian Church,Dublin,https://www.lpc.ie,53.3577109750758,-6.44973719521773,LUCAN
Malahide Presbyterian Church,Dublin,https://www.hmpchurch.org/,53.4501268,-6.1595067,HOWTH-MALAHIDE
Malin Presbyterian Church,Donegal,https://www.inishowen4pc.com,55.31021,-7.31221,CARNDONAGH
Maynooth Community Church,Kildare,maynoothcc.org,53.3831839804514,-6.58114047166344,MAYNOOTH
McKelvey's Grove Presbyterian Church,Monaghan,,54.18198,-6.70364,CARRICKMACROSS-CASTLEBLAYNEY
Milford Presbyterian Church,Donegal,,55.08654,-7.70033,MILFORD
Milford Reformed Presbyterian Church,Donegal,https://www.rpc.org/milford/,55.0821285,-7.6851138,MILFORD
Monaghan - First Presbyterian Church,Monaghan,https://www.firstmonaghanpci.org,54.24716,-6.96607,MONAGHAN
Monreagh Presbyterian Church,Donegal,,54.95625,-7.45621,BUNCRANA
Moville Presbyterian Church,Donegal,https://www.inishowen4pc.com,55.1887889919172,-7.04463524681378,CARNDONAGH
Mullingar Presbyterian Church,Westmeath,https://www.mullingarpresbyterian.com,53.5262342000846,-7.36149198454849,MULLINGAR
Naas Presbyterian Church,Kildare,https://www.naaspci.ie,53.21783,-6.66364,NAAS
Newbliss Presbyterian Church,Monaghan,https://clonespchurchesgroup.wixsite.com/clonespchurchesgroup,54.1605640544398,-7.13162808881298,BALLYBAY-CLONES
Newtowncunningham Presbyterian Church,Donegal,,54.9954458932033,-7.52286542947574,BUNCRANA
Ramelton Presbyterian Church,Donegal,https://www.rameltonpresbyterianchurch.com,55.03634,-7.64522,MILFORD
Raphoe & Ballindrait Presbyterian Church,Donegal,,54.8462289370114,-7.52569407343515,LIFFORD-STRANORLAR
Rathmullan Presbyterian Church,Donegal,,55.0959,-7.53508,MILFORD
Rockcorry Presbyterian Church,Monaghan,,54.1171492441288,-7.01461600961236,BALLYBAY-CLONES
Sligo Presbyterian Church,Sligo,https://www.facebook.com/sligopresbyterianchurch/,54.2696765125651,-8.47487987113386,SLIGO-STRANDHILL
Smithborough Presbyterian Church,Monaghan,,54.22223,-7.09804,BALLYBAY-CLONES
St. Johnston Presbyterian Church,Donegal,https://www.facebook.com/p/St-Johnston-Ballylennon-Burt-Inch-Presbyterian-Churches-100066700976525/,54.9336556110504,-7.46051469672159,LIFFORD-STRANORLAR
Stonebridge Presbyterian Church,Monaghan,https://clonespchurchesgroup.wixsite.com/clonespchurchesgroup,54.20117,-7.16845,BALLYBAY-CLONES
Stranorlar Presbyterian Church,Donegal,,54.80686,-7.76896,LIFFORD-STRANORLAR
Stranorlar Reformed Presbyterian Church,Donegal,https://www.rpc.org/stranorlar/,54.804665572748,-7.77071935994374,LIFFORD-STRANORLAR
Trentagh Presbyterian Church,Donegal,https://www.trentaghpci.org,54.9999455495484,-7.8353645176043,MILFORD
Trinity Presbyterian Church,Cork,http://presbyteriancork.com/,51.9018788917061,-8.46520283125846,CORK CITY NORTH EAST
Trinity Presbyterian Church (Letterkenny),Donegal,,54.95149,-7.73603,LETTERKENNY
Tullamore Presbyterian Church,Offaly,https://www.tullamorepresbyterian.org,53.272209588262,-7.49465950059848,TULLAMORE
United Presbyterian Church,Galway,https://www.unitedchurchgalway.ie,53.27285,-9.04811,GALWAY CITY CENTRAL
Wexford Church Development (PCI),Wexford,https://www.facebook.com/wexfordchurchredevelopment,52.3384986350282,-6.46104104492672,WEXFORD
Healing Waters Community Church,Mayo,https://www.healingwaters.ie/,54.1332709035164,-9.13734365474658,BALLINA
Harbour Community Church,Mayo,https://www.facebook.com/p/Harbour-Community-Church-61570871126733/,54.117133271919,-9.1621496056871,BALLINA
Bundoran Community Church,Donegal,https://www.bundorancommunitychurch.ie/,54.4800523702281,-8.27573089534637,DONEGAL
