Town,County,Population,Churches counted in town,Town opportunity,Nearest counted church,Nearest church town,Nearest church county,Nearest church denomination,Nearest church tradition,Distance to nearest counted church km,Latitude,Longitude,Filter mode,Active partnership filter
"Muinebeag (Bagenalstown)","Carlow","2,945","0","High","Assembly of God Carlow","Carlow","Carlow","Assemblies of God","Pentecostal/Charismatic","15.0","52.702813","-6.963878","Tradition","All churches counted"
"Tullow","Carlow","5,138","0","Significant","Gateway Church (Tullow)","Tullow","Carlow","Christian Churches Ireland","Pentecostal/Charismatic","1.6","52.801562","-6.731616","Tradition","All churches counted"
"Kingscourt","Cavan","2,955","0","Significant","Ervey Presbyterian Church","Ervey","Meath","PCI","Presbyterian/Reformed","2.6","53.902924","-6.812221","Tradition","All churches counted"
"Mullagh","Cavan","1,651","0","Significant","Kells Christian Centre","Kells","Meath","Various Pentecostal","Pentecostal/Charismatic","9.2","53.811613","-6.945516","Tradition","All churches counted"
"Virginia","Cavan","3,211","0","Significant","Bellasis Presbyterian Church","Virginia","Cavan","PCI","Presbyterian/Reformed","5.4","53.835282","-7.083778","Tradition","All churches counted"
"Killaloe","Clare","1,666","0","High","The Christian Community, Movement for Religious Renewal","Tuamgraney","Clare","Various Pentecostal","Pentecostal/Charismatic","12.2","52.806525","-8.447660","Tradition","All churches counted"
"Kilrush","Clare","2,649","0","High","Listowel Christian Fellowship","Listowel","Kerry","Independent Evangelical","Baptist/Independent Evangelical","19.3","52.638029","-9.486412","Tradition","All churches counted"
"Newmarket-On-Fergus","Clare","1,887","0","Significant","New Life Christian Church","Shannon","Clare","Various Pentecostal","Pentecostal/Charismatic","5.2","52.761854","-8.894303","Tradition","All churches counted"
"Sixmilebridge","Clare","2,832","0","Significant","New Life Christian Church","Shannon","Clare","Various Pentecostal","Pentecostal/Charismatic","7.3","52.742813","-8.773805","Tradition","All churches counted"
"Blarney","Cork","2,779","0","Significant","Agape Parish","Ballincollig","Cork","RCCG","Pentecostal/Charismatic","5.5","51.937369","-8.558054","Tradition","All churches counted"
"Castlemartyr","Cork","1,603","0","Significant","Midleton Baptist Church","Midleton","Cork","ABCI","Baptist/Independent Evangelical","8.4","51.913307","-8.052925","Tradition","All churches counted"
"Charleville","Cork","3,970","0","High","Adare Methodist Church","Adare","Limerick","Methodist","Methodist/Wesleyan","24.4","52.353742","-8.691282","Tradition","All churches counted"
"Cloyne","Cork","1,967","0","Significant","Aghada Presbyterian Church","Cork","Cork","PCI","Presbyterian/Reformed","6.6","51.861905","-8.126659","Tradition","All churches counted"
"Crosshaven","Cork","3,263","0","Significant","Good News Christian Church","Cobh","Cork","Independent Evangelical","Baptist/Independent Evangelical","5.7","51.800795","-8.298483","Tradition","All churches counted"
"Dunmanway","Cork","1,964","0","High","Drimoleague Methodist Church","Drimoleague","Cork","Methodist","Methodist/Wesleyan","12.3","51.719462","-9.114503","Tradition","All churches counted"
"Kanturk","Cork","2,803","0","High","Fountaingate Christian Church","Mallow","Cork","Various Pentecostal","Pentecostal/Charismatic","18.9","52.182967","-8.905803","Tradition","All churches counted"
"Macroom","Cork","4,096","0","High","Riverside Gospel Hall","Bandon","Cork","Brethren","Brethren/Gospel Hall","23.5","51.906708","-8.966087","Tradition","All churches counted"
"Millstreet","Cork","1,722","0","High","King’s Treasure Christian Centre","Killarney","Kerry","Various Pentecostal","Pentecostal/Charismatic","24.9","52.058082","-9.065519","Tradition","All churches counted"
"Mitchelstown","Cork","3,744","0","High","Fermoy Presbyterian Church","Fermoy","Cork","PCI","Presbyterian/Reformed","14.0","52.268291","-8.270009","Tradition","All churches counted"
"Rathcormac","Cork","1,957","0","Significant","Fermoy Presbyterian Church","Fermoy","Cork","PCI","Presbyterian/Reformed","7.4","52.075958","-8.277726","Tradition","All churches counted"
"Tower","Cork","3,300","0","Significant","Agape Parish","Ballincollig","Cork","RCCG","Pentecostal/Charismatic","6.3","51.925494","-8.605535","Tradition","All churches counted"
"Watergrasshill","Cork","1,840","0","High","Grace Missionary Baptist Church","Glanmire","Cork","Various Baptist","Baptist/Independent Evangelical","11.2","52.011577","-8.343251","Tradition","All churches counted"
"Ballyshannon","Donegal","2,246","0","Significant","Bundoran Community Church","Bundoran","Donegal","Various Baptist","Baptist/Independent Evangelical","5.9","54.503954","-8.193984","Tradition","All churches counted"
"Buncrana","Donegal","6,971","0","Significant","Rathmullan Presbyterian Church","Letterkenny","Donegal","PCI","Presbyterian/Reformed","6.7","55.129079","-7.446583","Tradition","All churches counted"
"Carndonagh","Donegal","2,768","0","Significant","Carndonagh Presbyterian Church","Lifford","Donegal","PCI","Presbyterian/Reformed","1.8","55.247801","-7.265151","Tradition","All churches counted"
"Lifford","Donegal","1,613","0","Significant","Raphoe & Ballindrait Presbyterian Church","Lifford","Donegal","PCI","Presbyterian/Reformed","2.8","54.832303","-7.489110","Tradition","All churches counted"
"Balrothery","Dublin","2,282","0","Significant","The Lord Reigns","Balbriggan","Dublin","RCCG","Pentecostal/Charismatic","2.0","53.588351","-6.184363","Tradition","All churches counted"
"Kinsealy-Drinan","Dublin","7,526","0","Significant","Swords Baptist Church","Swords","Dublin","ABCI","Baptist/Independent Evangelical","0.5","53.443752","-6.203728","Tradition","All churches counted"
"Portmarnock","Dublin","10,750","0","Significant","Christ Church North Dublin","Dublin 13","Dublin","ICM","Other Protestant/Evangelical","2.4","53.420066","-6.139896","Tradition","All churches counted"
"Rathcoole","Dublin","5,792","0","Significant","Chapel of Restoration","Newcastle","Dublin","RCCG","Pentecostal/Charismatic","3.1","53.278813","-6.474007","Tradition","All churches counted"
"Rush","Dublin","10,875","0","Significant","Assembly of Praise","Lusk","Dublin","RCCG","Pentecostal/Charismatic","4.4","53.523962","-6.098681","Tradition","All churches counted"
"Saggart","Dublin","4,573","0","Significant","Tallaght (An Solas) Methodist Church","Tallaght","Dublin","Methodist","Methodist/Wesleyan","2.9","53.283736","-6.444057","Tradition","All churches counted"
"Baile Chláir","Galway","1,632","0","Significant","TREM House of Mercy","Briarhill","Galway","Various Pentecostal","Pentecostal/Charismatic","6.3","53.340521","-8.943470","Tradition","All churches counted"
"Bearna","Galway","2,336","0","Significant","Galway City Baptist Church","Knocknacarra","Galway","ABCI","Baptist/Independent Evangelical","1.9","53.255577","-9.155456","Tradition","All churches counted"
"Oughterard","Galway","1,846","0","High","Community Christian Church","Moycullen","Galway","Independent Evangelical","Baptist/Independent Evangelical","12.9","53.427177","-9.309644","Tradition","All churches counted"
"Portumna","Galway","1,690","0","High","Borrisokane Methodist Church","Borrisokane","Tipperary","Methodist","Methodist/Wesleyan","12.5","53.093772","-8.220600","Tradition","All churches counted"
"Ballybunion","Kerry","1,618","0","High","Listowel Christian Fellowship","Listowel","Kerry","Independent Evangelical","Baptist/Independent Evangelical","10.7","52.513928","-9.667408","Tradition","All churches counted"
"Castleisland","Kerry","2,536","0","High","Christian Church Tralee","Tralee","Kerry","Independent Evangelical","Baptist/Independent Evangelical","16.5","52.230655","-9.457963","Tradition","All churches counted"
"Dingle-Daingean Uí Chuis","Kerry","1,671","0","High","Mercy of God Tabernacle","Killorglin","Kerry","RCCG","Pentecostal/Charismatic","33.1","52.140809","-10.271363","Tradition","All churches counted"
"Killorglin","Kerry","2,163","0","Significant","Mercy of God Tabernacle","Killorglin","Kerry","RCCG","Pentecostal/Charismatic","0.5","52.104585","-9.791867","Tradition","All churches counted"
"Listowel","Kerry","4,794","0","Significant","Listowel Christian Fellowship","Listowel","Kerry","Independent Evangelical","Baptist/Independent Evangelical","3.2","52.447958","-9.494103","Tradition","All churches counted"
"Allenwood","Kildare","1,685","0","High","Newbridge Bible Fellowship Church","Newbridge","Kildare","Independent Evangelical","Baptist/Independent Evangelical","10.4","53.279748","-6.856696","Tradition","All churches counted"
"Castledermot","Kildare","1,685","0","Significant","Grace Family International Church","Carlow","Carlow","Various Pentecostal","Pentecostal/Charismatic","9.5","52.908421","-6.844056","Tradition","All churches counted"
"Derrinturn","Kildare","1,837","0","Significant","All Souls Parish","Edenderry","Offaly","RCCG","Pentecostal/Charismatic","9.0","53.338610","-6.938823","Tradition","All churches counted"
"Kilcock","Kildare","8,674","0","Significant","Oasis of Grace Centre","Maynooth","Kildare","RCCG","Pentecostal/Charismatic","5.5","53.399324","-6.668163","Tradition","All churches counted"
"Kilcullen","Kildare","3,815","0","Significant","Brannockstown Baptist Church","Brannockstown","Kildare","ABCI","Baptist/Independent Evangelical","3.5","53.131701","-6.746989","Tradition","All churches counted"
"Kildare","Kildare","10,302","0","Significant","Desire of All Nations","Newbridge","Kildare","RCCG","Pentecostal/Charismatic","7.3","53.161529","-6.905178","Tradition","All churches counted"
"Kill","Kildare","3,818","0","Significant","Hope Church","Naas","Kildare","Independent Evangelical","Baptist/Independent Evangelical","3.3","53.245102","-6.595086","Tradition","All churches counted"
"Leixlip","Kildare","16,733","0","Significant","Lucan Presbyterian Church","Lucan","Dublin","PCI","Presbyterian/Reformed","3.7","53.368181","-6.503312","Tradition","All churches counted"
"Prosperous","Kildare","2,413","0","Significant","Community Church Clane","Clane","Kildare","RCCG","Pentecostal/Charismatic","4.2","53.290123","-6.758835","Tradition","All churches counted"
"Rathangan","Kildare","3,263","0","Significant","Faith Arena Parish","Monasterevin","Kildare","RCCG","Pentecostal/Charismatic","9.8","53.219177","-6.988923","Tradition","All churches counted"
"Sallins","Kildare","6,269","0","Significant","Naas Baptist Fellowship","Naas","Kildare","ABCI","Baptist/Independent Evangelical","2.5","53.250470","-6.663953","Tradition","All churches counted"
"Callan","Kilkenny","2,678","0","High","Kilkenny Methodist Church","Kilkenny","Kilkenny","Methodist","Methodist/Wesleyan","14.8","52.546065","-7.388293","Tradition","All churches counted"
"Graiguenamanagh-Tinnahinch","Kilkenny","1,506","0","High","Grace Church New Ross","New Ross","Wexford","Independent Evangelical","Baptist/Independent Evangelical","15.9","52.539872","-6.956143","Tradition","All churches counted"
"Thomastown","Kilkenny","2,305","0","High","Kilkenny Christian Assembly","Kilkenny","Kilkenny","Brethren","Brethren/Gospel Hall","13.8","52.526529","-7.148883","Tradition","All churches counted"
"Mountrath","Laois","2,070","0","High","Portlaoise Life Church","Portlaoise","Laois","Various Pentecostal","Pentecostal/Charismatic","11.0","53.001634","-7.474905","Tradition","All churches counted"
"Portarlington","Laois","9,288","0","Significant","Faith Arena Parish","Monasterevin","Kildare","RCCG","Pentecostal/Charismatic","9.2","53.160035","-7.189945","Tradition","All churches counted"
"Abbeyfeale","Limerick","2,206","0","High","Newcastle West Bible Fellowship","Newcastle West","Limerick","Brethren","Brethren/Gospel Hall","18.2","52.376737","-9.297837","Tradition","All churches counted"
"Annacotty","Limerick","3,398","0","Significant","Limerick – Solas Church","Limerick","Limerick","Reformed Presbyterian Church of Ireland","Presbyterian/Reformed","1.6","52.668615","-8.534501","Tradition","All churches counted"
"Caherconlish","Limerick","1,569","0","High","Limerick – Solas Church","Limerick","Limerick","Reformed Presbyterian Church of Ireland","Presbyterian/Reformed","10.1","52.594464","-8.471726","Tradition","All churches counted"
"Castleconnell","Limerick","2,488","0","Significant","Limerick – Solas Church","Limerick","Limerick","Reformed Presbyterian Church of Ireland","Presbyterian/Reformed","6.5","52.714545","-8.496712","Tradition","All churches counted"
"Kilmallock","Limerick","1,761","0","High","Adare Methodist Church","Adare","Limerick","Methodist","Methodist/Wesleyan","23.2","52.405051","-8.573185","Tradition","All churches counted"
"Ballymahon","Longford","1,714","0","Significant","New Covenant","Ballymahon","Longford","RCCG","Pentecostal/Charismatic","1.7","53.562356","-7.768960","Tradition","All churches counted"
"Lanesborough-Ballyleague","Longford","1,733","0","High","Grace Community Church","Roscommon","Roscommon","Independent Evangelical","Baptist/Independent Evangelical","11.8","53.669272","-8.000167","Tradition","All churches counted"
"Ardee","Louth","5,478","0","High","Boyne Valley Baptist Church","Drogheda","Louth","Various Baptist","Baptist/Independent Evangelical","16.4","53.855987","-6.538645","Tradition","All churches counted"
"Carlingford","Louth","1,528","0","High","Emmanuel Community Church","Dundalk","Louth","Independent Evangelical","Baptist/Independent Evangelical","14.1","54.037352","-6.182694","Tradition","All churches counted"
"Clogherhead","Louth","2,275","0","Significant","Boyne Valley Baptist Church","Drogheda","Louth","Various Baptist","Baptist/Independent Evangelical","7.4","53.787839","-6.239822","Tradition","All churches counted"
"Dunleer","Louth","2,143","0","Significant","Boyne Valley Baptist Church","Drogheda","Louth","Various Baptist","Baptist/Independent Evangelical","8.3","53.833113","-6.389260","Tradition","All churches counted"
"Termonfeckin","Louth","1,983","0","Significant","Boyne Valley Baptist Church","Drogheda","Louth","Various Baptist","Baptist/Independent Evangelical","5.1","53.758086","-6.267951","Tradition","All churches counted"
"Tullyallen","Louth","1,697","0","Significant","Royal Embassy Drogheda","Drogheda","Louth","RCCG","Pentecostal/Charismatic","5.1","53.743105","-6.421296","Tradition","All churches counted"
"Ballinrobe","Mayo","3,148","0","High","Calvary Church Claremorris","Claremorris","Mayo","Independent Evangelical","Baptist/Independent Evangelical","17.9","53.623131","-9.221424","Tradition","All churches counted"
"Newport","Mayo","2,183","0","High","Limerick – Solas Church","Limerick","Limerick","Reformed Presbyterian Church of Ireland","Presbyterian/Reformed","11.4","52.709147","-8.402787","Tradition","All churches counted"
"Athboy","Meath","2,596","0","High","Living Hope","Trim","Meath","ABCI","Baptist/Independent Evangelical","11.3","53.622555","-6.919394","Tradition","All churches counted"
"Ballivor","Meath","1,870","0","High","Living Hope","Trim","Meath","ABCI","Baptist/Independent Evangelical","12.1","53.530608","-6.964899","Tradition","All churches counted"
"Dunboyne","Meath","7,155","0","Significant","Dublin West Community Church","Dublin 15","Dublin","Independent Evangelical","Baptist/Independent Evangelical","3.4","53.417784","-6.471870","Tradition","All churches counted"
"Enfield","Meath","3,663","0","High","Community Church Clane","Clane","Kildare","RCCG","Pentecostal/Charismatic","15.0","53.414517","-6.824379","Tradition","All churches counted"
"Laytown-Bettystown-Mornington-Donacarney","Meath","15,642","0","Significant","Drogheda Presbyterian Church","Drogheda","Louth","PCI","Presbyterian/Reformed","2.5","53.702784","-6.262969","Tradition","All churches counted"
"Longwood","Meath","1,685","0","High","House of Flourish","Kinnegad","Westmeath","RCCG","Pentecostal/Charismatic","11.3","53.455479","-6.925916","Tradition","All churches counted"
"Ratoath","Meath","10,077","0","Significant","The Romanian Pentecostal Church Mount Zion","Dunshaughlin","Meath","Various Pentecostal","Pentecostal/Charismatic","4.2","53.506353","-6.462552","Tradition","All churches counted"
"Stamullen","Meath","3,720","0","Significant","His Grace Sanctuary","Mosney","Meath","RCCG","Pentecostal/Charismatic","3.5","53.632118","-6.265549","Tradition","All churches counted"
"Banagher","Offaly","1,907","0","High","Birr Methodist","Birr","Offaly","Methodist","Methodist/Wesleyan","11.4","53.190288","-7.981843","Tradition","All churches counted"
"Clara","Offaly","3,403","0","Significant","Tullamore Bible Church","Tullamore","Offaly","ABCI","Baptist/Independent Evangelical","8.6","53.340816","-7.613132","Tradition","All churches counted"
"Edenderry","Offaly","7,888","0","Significant","All Souls Parish","Edenderry","Offaly","RCCG","Pentecostal/Charismatic","1.1","53.340122","-7.060313","Tradition","All churches counted"
"Boyle","Roscommon","2,915","0","High","Carrick Baptist Church","Carrick-on-Shannon","Leitrim","Various Baptist","Baptist/Independent Evangelical","13.5","53.972671","-8.296348","Tradition","All churches counted"
"Castlerea","Roscommon","2,348","0","High","Ballaghaderreen Baptist Church","Ballaghaderreen","Roscommon","Various Baptist","Baptist/Independent Evangelical","15.7","53.768825","-8.488289","Tradition","All churches counted"
"Ballymote","Sligo","1,711","0","High","Calvary Sligo","Sligo","Sligo","Calvary Chapel","Other Protestant/Evangelical","20.2","54.086828","-8.514153","Tradition","All churches counted"
"Ballysadare","Sligo","1,747","0","Significant","Sligo City Church","Sligo","Sligo","Various Pentecostal","Pentecostal/Charismatic","6.9","54.210960","-8.511977","Tradition","All churches counted"
"Collooney","Sligo","1,797","0","Significant","Calvary Sligo","Sligo","Sligo","Calvary Chapel","Other Protestant/Evangelical","9.6","54.181226","-8.490915","Tradition","All churches counted"
"Strandhill","Sligo","1,982","0","Significant","Maranatha Chapel","Sligo","Sligo","RCCG","Pentecostal/Charismatic","7.7","54.265663","-8.593211","Tradition","All churches counted"
"Tubbercurry","Sligo","2,307","0","High","Calvary Church Charlestown","Charlestown","Mayo","Independent Evangelical","Baptist/Independent Evangelical","11.6","54.052623","-8.735359","Tradition","All churches counted"
"Ballina","Tipperary","2,959","0","High","The Christian Community, Movement for Religious Renewal","Tuamgraney","Clare","Various Pentecostal","Pentecostal/Charismatic","12.6","52.806365","-8.435601","Tradition","All churches counted"
"Cashel","Tipperary","4,805","0","High","Cahir Presbyterian Church","Cahir","Tipperary","PCI","Presbyterian/Reformed","15.2","52.512197","-7.881649","Tradition","All churches counted"
"Templemore","Tipperary","2,005","0","High","Thurles Baptist Church","Thurles","Tipperary","ABCI","Baptist/Independent Evangelical","12.6","52.793597","-7.832332","Tradition","All churches counted"
"Dunmore East","Waterford","1,731","0","Significant","Life Community Church","Waterford","Waterford","Various Pentecostal","Pentecostal/Charismatic","9.4","52.153837","-6.999769","Tradition","All churches counted"
"Portlaw","Waterford","1,881","0","High","Resurrection Assembly","Carrick-On-Suir","Tipperary","RCCG","Pentecostal/Charismatic","10.0","52.283689","-7.309250","Tradition","All churches counted"
"Kilbeggan","Westmeath","1,575","0","Significant","Tullamore Bible Church","Tullamore","Offaly","ABCI","Baptist/Independent Evangelical","8.7","53.366748","-7.497607","Tradition","All churches counted"
"Killucan-Rathwire","Westmeath","1,574","0","Significant","House of Flourish","Kinnegad","Westmeath","RCCG","Pentecostal/Charismatic","7.0","53.510656","-7.140777","Tradition","All churches counted"
"Moate","Westmeath","3,013","0","High","Victory House Athlone","Athlone","Westmeath","RCCG","Pentecostal/Charismatic","12.1","53.395595","-7.721226","Tradition","All churches counted"
"Bunclody","Wexford","2,053","0","High","Enniscorthy Christian Fellowship","Enniscorthy","Wexford","Independent Evangelical","Baptist/Independent Evangelical","16.8","52.650082","-6.656512","Tradition","All churches counted"
"Castlebridge","Wexford","1,850","0","Significant","Wexford Methodist Church","Wexford","Wexford","Methodist","Methodist/Wesleyan","4.8","52.381382","-6.454689","Tradition","All churches counted"
"Courtown","Wexford","4,365","0","Significant","Calvary Church Gorey","Gorey","Wexford","Calvary Chapel","Other Protestant/Evangelical","5.3","52.633746","-6.236112","Tradition","All churches counted"
"Fethard","Wexford","1,738","0","High","Word of Life Church","Clonmel","Tipperary","Various Pentecostal","Pentecostal/Charismatic","12.1","52.470176","-7.697218","Tradition","All churches counted"
"Rosslare","Wexford","1,795","0","Significant","Wexford Bible Church","Wexford","Wexford","Independent Evangelical","Baptist/Independent Evangelical","8.4","52.271608","-6.390721","Tradition","All churches counted"
"Rosslare Harbour","Wexford","2,247","0","High","Wexford Bible Church","Wexford","Wexford","Independent Evangelical","Baptist/Independent Evangelical","13.1","52.238794","-6.347499","Tradition","All churches counted"
"Ashford","Wicklow","1,892","0","Significant","Wicklow Christian Assembly","Wicklow Town","Wicklow","Brethren","Brethren/Gospel Hall","5.6","53.010378","-6.115360","Tradition","All churches counted"
"Blessington","Wicklow","5,611","0","Significant","Fountain of Love","Naas","Kildare","RCCG","Pentecostal/Charismatic","9.6","53.167802","-6.538616","Tradition","All churches counted"
"Enniskerry","Wicklow","2,000","0","Significant","Cornerstone Church at the Well","Bray","Wicklow","Independent Evangelical","Baptist/Independent Evangelical","4.6","53.196946","-6.178459","Tradition","All churches counted"
"Kilcoole","Wicklow","4,569","0","Significant","Nazarene Community Church - Greystones","Greystones","Wicklow","Methodist","Methodist/Wesleyan","2.8","53.106490","-6.062031","Tradition","All churches counted"
"Newcastle","Wicklow","4,526","0","High","Clonmel Christian Bible Church","Clonmel","Tipperary","Independent Evangelical","Baptist/Independent Evangelical","11.3","52.271918","-7.809827","Tradition","All churches counted"
"Newtownmountkennedy","Wicklow","3,539","0","Significant","Nazarene Community Church - Greystones","Greystones","Wicklow","Methodist","Methodist/Wesleyan","5.5","53.086322","-6.105945","Tradition","All churches counted"
"Rathdrum","Wicklow","2,264","0","High","Wicklow Methodist Church","Wicklow","Wicklow","Methodist","Methodist/Wesleyan","14.0","52.931379","-6.238118","Tradition","All churches counted"
"Rathnew","Wicklow","3,482","0","Significant","Wicklow Christian Assembly","Wicklow Town","Wicklow","Brethren","Brethren/Gospel Hall","2.8","52.991277","-6.085285","Tradition","All churches counted"